<?xml version="1.0" encoding="UTF-8"?>
<metadata xml:lang="en"><Esri><CreaDate>20140505</CreaDate><CreaTime>11441500</CreaTime><ArcGISFormat>1.0</ArcGISFormat><SyncOnce>FALSE</SyncOnce><DataProperties><itemProps><itemName Sync="TRUE">majr_streams_rivers</itemName><imsContentType Sync="TRUE">002</imsContentType><itemSize Sync="TRUE">0.000</itemSize><itemLocation><linkage Sync="TRUE">file://\\lafo.tnc\shared\GIS\freshwater\LFA.gdb</linkage><protocol Sync="TRUE">Local Area Network</protocol></itemLocation><nativeExtBox><westBL Sync="TRUE">48414.342600</westBL><eastBL Sync="TRUE">685791.784500</eastBL><southBL Sync="TRUE">-1093204.827400</southBL><northBL Sync="TRUE">-513716.992700</northBL><exTypeCode Sync="TRUE">1</exTypeCode></nativeExtBox></itemProps><coordRef><type Sync="TRUE">Projected</type><geogcsn Sync="TRUE">GCS_North_American_1983</geogcsn><csUnits Sync="TRUE">Linear Unit: Meter (1.000000)</csUnits><peXml Sync="TRUE">&lt;ProjectedCoordinateSystem xsi:type='typens:ProjectedCoordinateSystem' xmlns:xsi='http://www.w3.org/2001/XMLSchema-instance' xmlns:xs='http://www.w3.org/2001/XMLSchema' xmlns:typens='http://www.esri.com/schemas/ArcGIS/10.1'&gt;&lt;WKT&gt;PROJCS[&amp;quot;USA_Contiguous_Lambert_Conformal_Conic&amp;quot;,GEOGCS[&amp;quot;GCS_North_American_1983&amp;quot;,DATUM[&amp;quot;D_North_American_1983&amp;quot;,SPHEROID[&amp;quot;GRS_1980&amp;quot;,6378137.0,298.257222101]],PRIMEM[&amp;quot;Greenwich&amp;quot;,0.0],UNIT[&amp;quot;Degree&amp;quot;,0.0174532925199433]],PROJECTION[&amp;quot;Lambert_Conformal_Conic&amp;quot;],PARAMETER[&amp;quot;False_Easting&amp;quot;,0.0],PARAMETER[&amp;quot;False_Northing&amp;quot;,0.0],PARAMETER[&amp;quot;Central_Meridian&amp;quot;,-96.0],PARAMETER[&amp;quot;Standard_Parallel_1&amp;quot;,33.0],PARAMETER[&amp;quot;Standard_Parallel_2&amp;quot;,45.0],PARAMETER[&amp;quot;Latitude_Of_Origin&amp;quot;,39.0],UNIT[&amp;quot;Meter&amp;quot;,1.0],AUTHORITY[&amp;quot;ESRI&amp;quot;,102004]]&lt;/WKT&gt;&lt;XOrigin&gt;-36966200&lt;/XOrigin&gt;&lt;YOrigin&gt;-29137100&lt;/YOrigin&gt;&lt;XYScale&gt;10000&lt;/XYScale&gt;&lt;ZOrigin&gt;-100000&lt;/ZOrigin&gt;&lt;ZScale&gt;10000&lt;/ZScale&gt;&lt;MOrigin&gt;-1023.7418235&lt;/MOrigin&gt;&lt;MScale&gt;10000&lt;/MScale&gt;&lt;XYTolerance&gt;0.001&lt;/XYTolerance&gt;&lt;ZTolerance&gt;0.001&lt;/ZTolerance&gt;&lt;MTolerance&gt;0.001&lt;/MTolerance&gt;&lt;HighPrecision&gt;true&lt;/HighPrecision&gt;&lt;WKID&gt;102004&lt;/WKID&gt;&lt;LatestWKID&gt;102004&lt;/LatestWKID&gt;&lt;/ProjectedCoordinateSystem&gt;</peXml><projcsn Sync="TRUE">USA_Contiguous_Lambert_Conformal_Conic</projcsn></coordRef><lineage><Process ToolSource="c:\program files (x86)\arcgis\desktop10.0\ArcToolbox\Toolboxes\Analysis Tools.tbx\Clip" Date="20120111" Time="093900">Clip joined_high_res LU_LC C:\Users\dharlan\Desktop\freshwater\spatial_data\hydrology\NHD\joined_high_res_clip.shp #</Process><Process ToolSource="c:\program files (x86)\arcgis\desktop10.0\ArcToolbox\Toolboxes\Data Management Tools.tbx\Project" Date="20120111" Time="103401">Project joined_high_res_clip C:\Users\dharlan\Desktop\freshwater\spatial_data\hydrology\NHD\joined_high_res_Lambert.shp PROJCS['USA_Contiguous_Lambert_Conformal_Conic',GEOGCS['GCS_North_American_1983',DATUM['D_North_American_1983',SPHEROID['GRS_1980',6378137.0,298.257222101]],PRIMEM['Greenwich',0.0],UNIT['Degree',0.0174532925199433]],PROJECTION['Lambert_Conformal_Conic'],PARAMETER['False_Easting',0.0],PARAMETER['False_Northing',0.0],PARAMETER['Central_Meridian',-96.0],PARAMETER['Standard_Parallel_1',33.0],PARAMETER['Standard_Parallel_2',45.0],PARAMETER['Latitude_Of_Origin',39.0],UNIT['Meter',1.0]] # GEOGCS['GCS_North_American_1983',DATUM['D_North_American_1983',SPHEROID['GRS_1980',6378137.0,298.257222101]],PRIMEM['Greenwich',0.0],UNIT['Degree',0.0174532925199433]]</Process><Process ToolSource="c:\program files (x86)\arcgis\desktop10.0\ArcToolbox\Toolboxes\Data Management Tools.tbx\JoinField" Date="20120111" Time="164010">JoinField joined_high_res_Lambert FType ftype_table FCODE FTYPE</Process><Process ToolSource="C:\Program Files (x86)\ArcGIS\Desktop10.0\ArcToolbox\Toolboxes\Data Management Tools.tbx\AddField" Date="20120113" Time="152131">AddField C:\Users\dharlan\Desktop\freshwater\spatial_data\hydrology\NHD\joined_high_res_Lambert.shp STARTX FLOAT 10 4 # # NON_NULLABLE NON_REQUIRED #</Process><Process ToolSource="C:\Program Files (x86)\ArcGIS\Desktop10.0\ArcToolbox\Toolboxes\Data Management Tools.tbx\AddField" Date="20120113" Time="152140">AddField C:\Users\dharlan\Desktop\freshwater\spatial_data\hydrology\NHD\joined_high_res_Lambert.shp STARTY FLOAT 12 4 # # NON_NULLABLE NON_REQUIRED #</Process><Process ToolSource="C:\Program Files (x86)\ArcGIS\Desktop10.0\ArcToolbox\Toolboxes\Data Management Tools.tbx\AddField" Date="20120113" Time="152148">AddField C:\Users\dharlan\Desktop\freshwater\spatial_data\hydrology\NHD\joined_high_res_Lambert.shp ENDX FLOAT 10 4 # # NON_NULLABLE NON_REQUIRED #</Process><Process ToolSource="C:\Program Files (x86)\ArcGIS\Desktop10.0\ArcToolbox\Toolboxes\Data Management Tools.tbx\AddField" Date="20120113" Time="152203">AddField C:\Users\dharlan\Desktop\freshwater\spatial_data\hydrology\NHD\joined_high_res_Lambert.shp ENDY FLOAT 12 4 # # NON_NULLABLE NON_REQUIRED #</Process><Process ToolSource="C:\Program Files (x86)\ArcGIS\Desktop10.0\ArcToolbox\Toolboxes\Data Management Tools.tbx\JoinField" Date="20120114" Time="002741">JoinField C:\Users\dharlan\Desktop\freshwater\spatial_data\hydrology\NHD\joined_high_res_Lambert.shp ComID C:\Users\dharlan\Desktop\freshwater\spatial_data\hydrology\NHD\Stratighlines.shp ComID LENGTH</Process><Process ToolSource="C:\Program Files (x86)\ArcGIS\Desktop10.0\ArcToolbox\Toolboxes\Data Management Tools.tbx\AddField" Date="20120114" Time="002756">AddField C:\Users\dharlan\Desktop\freshwater\spatial_data\hydrology\NHD\joined_high_res_Lambert.shp SIN FLOAT 8 4 # # NON_NULLABLE NON_REQUIRED #</Process><Process ToolSource="C:\Program Files (x86)\ArcGIS\Desktop10.0\ArcToolbox\Toolboxes\Data Management Tools.tbx\CalculateField" Date="20120117" Time="085650">CalculateField joined_high_res_Lambert SIN 9999 PYTHON_9.3 #</Process><Process ToolSource="C:\Program Files (x86)\ArcGIS\Desktop10.0\ArcToolbox\Toolboxes\Data Management Tools.tbx\CalculateField" Date="20120117" Time="090434">CalculateField joined_high_res_Lambert SIN "!SlengthM! / !LENGTH!" PYTHON_9.3 #</Process><Process ToolSource="c:\program files (x86)\arcgis\desktop10.0\ArcToolbox\Toolboxes\Data Management Tools.tbx\JoinField" Date="20120316" Time="204526">JoinField joined_high_res_Lambert GNIS_Name NHD_LA_merge_clip GNIS_ID SO</Process><Process ToolSource="c:\program files (x86)\arcgis\desktop10.0\ArcToolbox\Toolboxes\Analysis Tools.tbx\Clip" Date="20120423" Time="090854">Clip joined_high_res_Lambert Master_HUC8 C:\TNC_GIS\freshwater\spatial_data\hydrology\NHD\joined_high_res_Lambertfinal.shp #</Process><Process ToolSource="c:\program files (x86)\arcgis\desktop10.0\ArcToolbox\Toolboxes\Conversion Tools.tbx\FeatureClassToFeatureClass" Date="20120522" Time="152254">FeatureClassToFeatureClass C:\TNC_GIS\freshwater\spatial_data\hydrology\NHD\joined_high_res_Lambertfinal.shp C:\TNC_GIS\freshwater\LFA.gdb NHD_High_res # "OBJECTID "OBJECTID" true true false 9 Long 0 9 ,First,#,C:\TNC_GIS\freshwater\spatial_data\hydrology\NHD\joined_high_res_Lambertfinal.shp,OBJECTID,-1,-1;ComID "ComID" true true false 9 Long 0 9 ,First,#,C:\TNC_GIS\freshwater\spatial_data\hydrology\NHD\joined_high_res_Lambertfinal.shp,ComID,-1,-1;Permanent_ "Permanent_" true true false 40 Text 0 0 ,First,#,C:\TNC_GIS\freshwater\spatial_data\hydrology\NHD\joined_high_res_Lambertfinal.shp,Permanent_,-1,-1;FDate "FDate" true true false 8 Date 0 0 ,First,#,C:\TNC_GIS\freshwater\spatial_data\hydrology\NHD\joined_high_res_Lambertfinal.shp,FDate,-1,-1;Resolution "Resolution" true true false 9 Long 0 9 ,First,#,C:\TNC_GIS\freshwater\spatial_data\hydrology\NHD\joined_high_res_Lambertfinal.shp,Resolution,-1,-1;GNIS_ID "GNIS_ID" true true false 10 Text 0 0 ,First,#,C:\TNC_GIS\freshwater\spatial_data\hydrology\NHD\joined_high_res_Lambertfinal.shp,GNIS_ID,-1,-1;GNIS_Name "GNIS_Name" true true false 65 Text 0 0 ,First,#,C:\TNC_GIS\freshwater\spatial_data\hydrology\NHD\joined_high_res_Lambertfinal.shp,GNIS_Name,-1,-1;LengthKM "LengthKM" true true false 19 Double 0 0 ,First,#,C:\TNC_GIS\freshwater\spatial_data\hydrology\NHD\joined_high_res_Lambertfinal.shp,LengthKM,-1,-1;ReachCode "ReachCode" true true false 14 Text 0 0 ,First,#,C:\TNC_GIS\freshwater\spatial_data\hydrology\NHD\joined_high_res_Lambertfinal.shp,ReachCode,-1,-1;FlowDir "FlowDir" true true false 9 Long 0 9 ,First,#,C:\TNC_GIS\freshwater\spatial_data\hydrology\NHD\joined_high_res_Lambertfinal.shp,FlowDir,-1,-1;WBAreaComI "WBAreaComI" true true false 9 Long 0 9 ,First,#,C:\TNC_GIS\freshwater\spatial_data\hydrology\NHD\joined_high_res_Lambertfinal.shp,WBAreaComI,-1,-1;WBArea_Per "WBArea_Per" true true false 40 Text 0 0 ,First,#,C:\TNC_GIS\freshwater\spatial_data\hydrology\NHD\joined_high_res_Lambertfinal.shp,WBArea_Per,-1,-1;FType "FType" true true false 9 Long 0 9 ,First,#,C:\TNC_GIS\freshwater\spatial_data\hydrology\NHD\joined_high_res_Lambertfinal.shp,FType,-1,-1;FCode "FCode" true true false 9 Long 0 9 ,First,#,C:\TNC_GIS\freshwater\spatial_data\hydrology\NHD\joined_high_res_Lambertfinal.shp,FCode,-1,-1;Shape_Leng "Shape_Leng" true true false 19 Double 0 0 ,First,#,C:\TNC_GIS\freshwater\spatial_data\hydrology\NHD\joined_high_res_Lambertfinal.shp,Shape_Leng,-1,-1;Enabled "Enabled" true true false 4 Short 0 4 ,First,#,C:\TNC_GIS\freshwater\spatial_data\hydrology\NHD\joined_high_res_Lambertfinal.shp,Enabled,-1,-1;OID_ "OID_" true true false 9 Long 0 9 ,First,#,C:\TNC_GIS\freshwater\spatial_data\hydrology\NHD\joined_high_res_Lambertfinal.shp,OID_,-1,-1;OBJECTID_1 "OBJECTID_1" true true false 9 Long 0 9 ,First,#,C:\TNC_GIS\freshwater\spatial_data\hydrology\NHD\joined_high_res_Lambertfinal.shp,OBJECTID_1,-1,-1;ComID_1 "ComID_1" true true false 9 Long 0 9 ,First,#,C:\TNC_GIS\freshwater\spatial_data\hydrology\NHD\joined_high_res_Lambertfinal.shp,ComID_1,-1,-1;Permanent1 "Permanent1" true true false 40 Text 0 0 ,First,#,C:\TNC_GIS\freshwater\spatial_data\hydrology\NHD\joined_high_res_Lambertfinal.shp,Permanent1,-1,-1;FDate_1 "FDate_1" true true false 8 Date 0 0 ,First,#,C:\TNC_GIS\freshwater\spatial_data\hydrology\NHD\joined_high_res_Lambertfinal.shp,FDate_1,-1,-1;StreamLeve "StreamLeve" true true false 9 Long 0 9 ,First,#,C:\TNC_GIS\freshwater\spatial_data\hydrology\NHD\joined_high_res_Lambertfinal.shp,StreamLeve,-1,-1;StreamOrde "StreamOrde" true true false 9 Long 0 9 ,First,#,C:\TNC_GIS\freshwater\spatial_data\hydrology\NHD\joined_high_res_Lambertfinal.shp,StreamOrde,-1,-1;FromNode "FromNode" true true false 19 Double 0 0 ,First,#,C:\TNC_GIS\freshwater\spatial_data\hydrology\NHD\joined_high_res_Lambertfinal.shp,FromNode,-1,-1;ToNode "ToNode" true true false 19 Double 0 0 ,First,#,C:\TNC_GIS\freshwater\spatial_data\hydrology\NHD\joined_high_res_Lambertfinal.shp,ToNode,-1,-1;HydroSeq "HydroSeq" true true false 19 Double 0 0 ,First,#,C:\TNC_GIS\freshwater\spatial_data\hydrology\NHD\joined_high_res_Lambertfinal.shp,HydroSeq,-1,-1;LevelPathI "LevelPathI" true true false 19 Double 0 0 ,First,#,C:\TNC_GIS\freshwater\spatial_data\hydrology\NHD\joined_high_res_Lambertfinal.shp,LevelPathI,-1,-1;PathLength "PathLength" true true false 19 Double 0 0 ,First,#,C:\TNC_GIS\freshwater\spatial_data\hydrology\NHD\joined_high_res_Lambertfinal.shp,PathLength,-1,-1;TerminalPa "TerminalPa" true true false 19 Double 0 0 ,First,#,C:\TNC_GIS\freshwater\spatial_data\hydrology\NHD\joined_high_res_Lambertfinal.shp,TerminalPa,-1,-1;ArbolateSu "ArbolateSu" true true false 19 Double 0 0 ,First,#,C:\TNC_GIS\freshwater\spatial_data\hydrology\NHD\joined_high_res_Lambertfinal.shp,ArbolateSu,-1,-1;Divergence "Divergence" true true false 9 Long 0 9 ,First,#,C:\TNC_GIS\freshwater\spatial_data\hydrology\NHD\joined_high_res_Lambertfinal.shp,Divergence,-1,-1;StartFlag "StartFlag" true true false 9 Long 0 9 ,First,#,C:\TNC_GIS\freshwater\spatial_data\hydrology\NHD\joined_high_res_Lambertfinal.shp,StartFlag,-1,-1;TerminalFl "TerminalFl" true true false 9 Long 0 9 ,First,#,C:\TNC_GIS\freshwater\spatial_data\hydrology\NHD\joined_high_res_Lambertfinal.shp,TerminalFl,-1,-1;DnLevel "DnLevel" true true false 9 Long 0 9 ,First,#,C:\TNC_GIS\freshwater\spatial_data\hydrology\NHD\joined_high_res_Lambertfinal.shp,DnLevel,-1,-1;ThinnerCod "ThinnerCod" true true false 9 Long 0 9 ,First,#,C:\TNC_GIS\freshwater\spatial_data\hydrology\NHD\joined_high_res_Lambertfinal.shp,ThinnerCod,-1,-1;UpLevelPat "UpLevelPat" true true false 19 Double 0 0 ,First,#,C:\TNC_GIS\freshwater\spatial_data\hydrology\NHD\joined_high_res_Lambertfinal.shp,UpLevelPat,-1,-1;UpHydroSeq "UpHydroSeq" true true false 19 Double 0 0 ,First,#,C:\TNC_GIS\freshwater\spatial_data\hydrology\NHD\joined_high_res_Lambertfinal.shp,UpHydroSeq,-1,-1;UpMinHydro "UpMinHydro" true true false 19 Double 0 0 ,First,#,C:\TNC_GIS\freshwater\spatial_data\hydrology\NHD\joined_high_res_Lambertfinal.shp,UpMinHydro,-1,-1;DnLevelPat "DnLevelPat" true true false 19 Double 0 0 ,First,#,C:\TNC_GIS\freshwater\spatial_data\hydrology\NHD\joined_high_res_Lambertfinal.shp,DnLevelPat,-1,-1;DnMinHydro "DnMinHydro" true true false 19 Double 0 0 ,First,#,C:\TNC_GIS\freshwater\spatial_data\hydrology\NHD\joined_high_res_Lambertfinal.shp,DnMinHydro,-1,-1;DnDrainCou "DnDrainCou" true true false 9 Long 0 9 ,First,#,C:\TNC_GIS\freshwater\spatial_data\hydrology\NHD\joined_high_res_Lambertfinal.shp,DnDrainCou,-1,-1;FTYPE_1 "FTYPE_1" true true false 254 Text 0 0 ,First,#,C:\TNC_GIS\freshwater\spatial_data\hydrology\NHD\joined_high_res_Lambertfinal.shp,FTYPE_1,-1,-1;STARTX "STARTX" true true false 15 Double 4 14 ,First,#,C:\TNC_GIS\freshwater\spatial_data\hydrology\NHD\joined_high_res_Lambertfinal.shp,STARTX,-1,-1;STARTY "STARTY" true true false 17 Double 4 16 ,First,#,C:\TNC_GIS\freshwater\spatial_data\hydrology\NHD\joined_high_res_Lambertfinal.shp,STARTY,-1,-1;ENDX "ENDX" true true false 15 Double 4 14 ,First,#,C:\TNC_GIS\freshwater\spatial_data\hydrology\NHD\joined_high_res_Lambertfinal.shp,ENDX,-1,-1;ENDY "ENDY" true true false 17 Double 4 16 ,First,#,C:\TNC_GIS\freshwater\spatial_data\hydrology\NHD\joined_high_res_Lambertfinal.shp,ENDY,-1,-1;LENGTH "LENGTH" true true false 16 Double 5 15 ,First,#,C:\TNC_GIS\freshwater\spatial_data\hydrology\NHD\joined_high_res_Lambertfinal.shp,LENGTH,-1,-1;SIN "SIN" true true false 13 Double 4 12 ,First,#,C:\TNC_GIS\freshwater\spatial_data\hydrology\NHD\joined_high_res_Lambertfinal.shp,SIN,-1,-1;SlengthM "SlengthM" true true false 13 Float 0 0 ,First,#,C:\TNC_GIS\freshwater\spatial_data\hydrology\NHD\joined_high_res_Lambertfinal.shp,SlengthM,-1,-1;SO "SO" true true false 3 Short 0 3 ,First,#,C:\TNC_GIS\freshwater\spatial_data\hydrology\NHD\joined_high_res_Lambertfinal.shp,SO,-1,-1" #</Process><Process ToolSource="c:\program files (x86)\arcgis\desktop10.1\ArcToolbox\Toolboxes\Data Management Tools.tbx\AddField" Date="20140421" Time="092114">AddField T:\GIS\freshwater\LFA.gdb\NHD_High_res mjr SHORT # # # # NULLABLE NON_REQUIRED #</Process><Process ToolSource="c:\program files (x86)\arcgis\desktop10.1\ArcToolbox\Toolboxes\Data Management Tools.tbx\AddField" Date="20140421" Time="093055">AddField T:\GIS\freshwater\LFA.gdb\NHD_High_res mjr SHORT # # # # NULLABLE NON_REQUIRED #</Process><Process ToolSource="c:\program files (x86)\arcgis\desktop10.1\ArcToolbox\Toolboxes\Data Management Tools.tbx\Merge" Date="20140421" Time="132059">Merge NDH_high_res_select;NHD_thin_clip_select T:\GIS\freshwater\LFA.gdb\majr_streams_rivers "OBJECTID "OBJECTID" true true false 4 Long 0 0 ,First,#,NDH_high_res_select,OBJECTID,-1,-1,NHD_thin_clip_select,OBJECTID,-1,-1;ComID "ComID" true true false 4 Long 0 0 ,First,#,NDH_high_res_select,ComID,-1,-1,NHD_thin_clip_select,COMID,-1,-1;FDate "FDate" true true false 8 Date 0 0 ,First,#,NDH_high_res_select,FDate,-1,-1,NHD_thin_clip_select,FDATE,-1,-1;GNIS_ID "GNIS_ID" true true false 10 Text 0 0 ,First,#,NDH_high_res_select,GNIS_ID,-1,-1,NHD_thin_clip_select,GNIS_ID,-1,-1;GNIS_Name "GNIS_Name" true true false 65 Text 0 0 ,First,#,NDH_high_res_select,GNIS_Name,-1,-1,NHD_thin_clip_select,GNIS_NAME,-1,-1;LengthKM "LengthKM" true true false 8 Double 0 0 ,First,#,NDH_high_res_select,LengthKM,-1,-1,NHD_thin_clip_select,LENGTHKM,-1,-1;ReachCode "ReachCode" true true false 14 Text 0 0 ,First,#,NDH_high_res_select,ReachCode,-1,-1,NHD_thin_clip_select,REACHCODE,-1,-1;WBAreaComI "WBAreaComI" true true false 4 Long 0 0 ,First,#,NDH_high_res_select,WBAreaComI,-1,-1,NHD_thin_clip_select,WBAREACOMI,-1,-1;FCode "FCode" true true false 4 Long 0 0 ,First,#,NDH_high_res_select,FCode,-1,-1,NHD_thin_clip_select,FCODE,-1,-1;Shape_Leng "Shape_Leng" true true false 8 Double 0 0 ,First,#,NDH_high_res_select,Shape_Leng,-1,-1,NHD_thin_clip_select,SHAPE_LENG,-1,-1;StreamLeve "StreamLeve" true true false 4 Long 0 0 ,First,#,NDH_high_res_select,StreamLeve,-1,-1,NHD_thin_clip_select,STREAMLEVE,-1,-1;StreamOrde "StreamOrde" true true false 4 Long 0 0 ,First,#,NDH_high_res_select,StreamOrde,-1,-1,NHD_thin_clip_select,STREAMORDE,-1,-1;FromNode "FromNode" true true false 8 Double 0 0 ,First,#,NDH_high_res_select,FromNode,-1,-1,NHD_thin_clip_select,FROMNODE,-1,-1;ToNode "ToNode" true true false 8 Double 0 0 ,First,#,NDH_high_res_select,ToNode,-1,-1,NHD_thin_clip_select,TONODE,-1,-1;HydroSeq "HydroSeq" true true false 8 Double 0 0 ,First,#,NDH_high_res_select,HydroSeq,-1,-1,NHD_thin_clip_select,HYDROSEQ,-1,-1;LevelPathI "LevelPathI" true true false 8 Double 0 0 ,First,#,NDH_high_res_select,LevelPathI,-1,-1,NHD_thin_clip_select,LEVELPATHI,-1,-1;PathLength "PathLength" true true false 8 Double 0 0 ,First,#,NDH_high_res_select,PathLength,-1,-1,NHD_thin_clip_select,PATHLENGTH,-1,-1;TerminalPa "TerminalPa" true true false 8 Double 0 0 ,First,#,NDH_high_res_select,TerminalPa,-1,-1,NHD_thin_clip_select,TERMINALPA,-1,-1;ArbolateSu "ArbolateSu" true true false 8 Double 0 0 ,First,#,NDH_high_res_select,ArbolateSu,-1,-1,NHD_thin_clip_select,ARBOLATESU,-1,-1;Divergence "Divergence" true true false 4 Long 0 0 ,First,#,NDH_high_res_select,Divergence,-1,-1,NHD_thin_clip_select,DIVERGENCE,-1,-1;StartFlag "StartFlag" true true false 4 Long 0 0 ,First,#,NDH_high_res_select,StartFlag,-1,-1,NHD_thin_clip_select,STARTFLAG,-1,-1;TerminalFl "TerminalFl" true true false 4 Long 0 0 ,First,#,NDH_high_res_select,TerminalFl,-1,-1,NHD_thin_clip_select,TERMINALFL,-1,-1;DnLevel "DnLevel" true true false 4 Long 0 0 ,First,#,NDH_high_res_select,DnLevel,-1,-1,NHD_thin_clip_select,DNLEVEL,-1,-1;ThinnerCod "ThinnerCod" true true false 4 Long 0 0 ,First,#,NDH_high_res_select,ThinnerCod,-1,-1,NHD_thin_clip_select,THINNERCOD,-1,-1;UpLevelPat "UpLevelPat" true true false 8 Double 0 0 ,First,#,NDH_high_res_select,UpLevelPat,-1,-1,NHD_thin_clip_select,UPLEVELPAT,-1,-1;UpHydroSeq "UpHydroSeq" true true false 8 Double 0 0 ,First,#,NDH_high_res_select,UpHydroSeq,-1,-1,NHD_thin_clip_select,UPHYDROSEQ,-1,-1;UpMinHydro "UpMinHydro" true true false 8 Double 0 0 ,First,#,NDH_high_res_select,UpMinHydro,-1,-1,NHD_thin_clip_select,UPMINHYDRO,-1,-1;DnLevelPat "DnLevelPat" true true false 8 Double 0 0 ,First,#,NDH_high_res_select,DnLevelPat,-1,-1,NHD_thin_clip_select,DNLEVELPAT,-1,-1;DnMinHydro "DnMinHydro" true true false 8 Double 0 0 ,First,#,NDH_high_res_select,DnMinHydro,-1,-1,NHD_thin_clip_select,DNMINHYDRO,-1,-1;DnDrainCou "DnDrainCou" true true false 4 Long 0 0 ,First,#,NDH_high_res_select,DnDrainCou,-1,-1,NHD_thin_clip_select,DNDRAINCOU,-1,-1;Shape_Length "Shape_Length" false true true 8 Double 0 0 ,First,#,NDH_high_res_select,Shape_Length,-1,-1,NHD_thin_clip_select,Shape_Length,-1,-1"</Process></lineage></DataProperties><SyncDate>20140505</SyncDate><SyncTime>11360100</SyncTime><ModDate>20140505</ModDate><ModTime>11360100</ModTime><ArcGISstyle>FGDC CSDGM Metadata</ArcGISstyle></Esri><dataIdInfo><envirDesc Sync="TRUE">Microsoft Windows 7 Version 6.1 (Build 7601) Service Pack 1; Esri ArcGIS 10.1.1.3143</envirDesc><dataLang><languageCode value="eng" Sync="TRUE"></languageCode><countryCode value="USA" Sync="TRUE"></countryCode></dataLang><idCitation><resTitle Sync="TRUE">majr_streams_rivers</resTitle><presForm><PresFormCd value="005" Sync="TRUE"></PresFormCd></presForm></idCitation><spatRpType><SpatRepTypCd value="001" Sync="TRUE"></SpatRepTypCd></spatRpType><dataExt><vertEle><vertMinVal Sync="TRUE">0.000000</vertMinVal><vertMaxVal Sync="TRUE">0.000000</vertMaxVal></vertEle><geoEle/></dataExt><dataExt><geoEle><GeoBndBox esriExtentType="search"><exTypeCode Sync="TRUE">1</exTypeCode><westBL Sync="TRUE">-95.506904</westBL><eastBL Sync="TRUE">-88.546792</eastBL><northBL Sync="TRUE">34.349347</northBL><southBL Sync="TRUE">28.903722</southBL></GeoBndBox></geoEle></dataExt></dataIdInfo><mdLang><languageCode value="eng" Sync="TRUE"></languageCode><countryCode value="USA" Sync="TRUE"></countryCode></mdLang><mdChar><CharSetCd value="004" Sync="TRUE"></CharSetCd></mdChar><distInfo><distFormat><formatName Sync="TRUE">File Geodatabase Feature Class</formatName></distFormat><distTranOps><transSize Sync="TRUE">0.000</transSize></distTranOps></distInfo><mdHrLv><ScopeCd value="005" Sync="TRUE"></ScopeCd></mdHrLv><mdHrLvName Sync="TRUE">dataset</mdHrLvName><refSysInfo><RefSystem><refSysID><identCode code="102004" Sync="TRUE" value="102004"></identCode><idCodeSpace Sync="TRUE">ESRI</idCodeSpace><idVersion Sync="TRUE">10.1.1</idVersion></refSysID></RefSystem></refSysInfo><spatRepInfo><VectSpatRep><geometObjs Name="majr_streams_rivers"><geoObjTyp><GeoObjTypCd value="002" Sync="TRUE"></GeoObjTypCd></geoObjTyp><geoObjCnt Sync="TRUE">33838</geoObjCnt></geometObjs><topLvl><TopoLevCd value="001" Sync="TRUE"></TopoLevCd></topLvl></VectSpatRep></spatRepInfo><spdoinfo><ptvctinf><esriterm Name="majr_streams_rivers"><efeatyp Sync="TRUE">Simple</efeatyp><efeageom code="3" Sync="TRUE"></efeageom><esritopo Sync="TRUE">FALSE</esritopo><efeacnt Sync="TRUE">33838</efeacnt><spindex Sync="TRUE">TRUE</spindex><linrefer Sync="TRUE">TRUE</linrefer></esriterm></ptvctinf></spdoinfo><eainfo><detailed Name="majr_streams_rivers"><enttyp><enttypl Sync="TRUE">majr_streams_rivers</enttypl><enttypt Sync="TRUE">Feature Class</enttypt><enttypc Sync="TRUE">33838</enttypc></enttyp><attr><attrlabl Sync="TRUE">Shape</attrlabl><attalias Sync="TRUE">Shape</attalias><attrtype Sync="TRUE">Geometry</attrtype><attwidth Sync="TRUE">0</attwidth><atprecis Sync="TRUE">0</atprecis><attscale Sync="TRUE">0</attscale><attrdef Sync="TRUE">Feature geometry.</attrdef><attrdefs Sync="TRUE">ESRI</attrdefs><attrdomv><udom Sync="TRUE">Coordinates defining the features.</udom></attrdomv></attr><attr><attrlabl Sync="TRUE">OBJECTID</attrlabl><attalias Sync="TRUE">OBJECTID</attalias><attrtype Sync="TRUE">Integer</attrtype><attwidth Sync="TRUE">4</attwidth><atprecis Sync="TRUE">0</atprecis><attscale Sync="TRUE">0</attscale></attr><attr><attrlabl Sync="TRUE">ComID</attrlabl><attalias Sync="TRUE">ComID</attalias><attrtype Sync="TRUE">Integer</attrtype><attwidth Sync="TRUE">4</attwidth><atprecis Sync="TRUE">0</atprecis><attscale Sync="TRUE">0</attscale></attr><attr><attrlabl Sync="TRUE">FDate</attrlabl><attalias Sync="TRUE">FDate</attalias><attrtype Sync="TRUE">Date</attrtype><attwidth Sync="TRUE">8</attwidth><atprecis Sync="TRUE">0</atprecis><attscale Sync="TRUE">0</attscale></attr><attr><attrlabl Sync="TRUE">GNIS_ID</attrlabl><attalias Sync="TRUE">GNIS_ID</attalias><attrtype Sync="TRUE">String</attrtype><attwidth Sync="TRUE">10</attwidth><atprecis Sync="TRUE">0</atprecis><attscale Sync="TRUE">0</attscale></attr><attr><attrlabl Sync="TRUE">GNIS_Name</attrlabl><attalias Sync="TRUE">GNIS_Name</attalias><attrtype Sync="TRUE">String</attrtype><attwidth Sync="TRUE">65</attwidth><atprecis Sync="TRUE">0</atprecis><attscale Sync="TRUE">0</attscale></attr><attr><attrlabl Sync="TRUE">LengthKM</attrlabl><attalias Sync="TRUE">LengthKM</attalias><attrtype Sync="TRUE">Double</attrtype><attwidth Sync="TRUE">8</attwidth><atprecis Sync="TRUE">0</atprecis><attscale Sync="TRUE">0</attscale></attr><attr><attrlabl Sync="TRUE">ReachCode</attrlabl><attalias Sync="TRUE">ReachCode</attalias><attrtype Sync="TRUE">String</attrtype><attwidth Sync="TRUE">14</attwidth><atprecis Sync="TRUE">0</atprecis><attscale Sync="TRUE">0</attscale></attr><attr><attrlabl Sync="TRUE">WBAreaComI</attrlabl><attalias Sync="TRUE">WBAreaComI</attalias><attrtype Sync="TRUE">Integer</attrtype><attwidth Sync="TRUE">4</attwidth><atprecis Sync="TRUE">0</atprecis><attscale Sync="TRUE">0</attscale></attr><attr><attrlabl Sync="TRUE">FCode</attrlabl><attalias Sync="TRUE">FCode</attalias><attrtype Sync="TRUE">Integer</attrtype><attwidth Sync="TRUE">4</attwidth><atprecis Sync="TRUE">0</atprecis><attscale Sync="TRUE">0</attscale></attr><attr><attrlabl Sync="TRUE">Shape_Leng</attrlabl><attalias Sync="TRUE">Shape_Leng</attalias><attrtype Sync="TRUE">Double</attrtype><attwidth Sync="TRUE">8</attwidth><atprecis Sync="TRUE">0</atprecis><attscale Sync="TRUE">0</attscale></attr><attr><attrlabl Sync="TRUE">OBJECTID_1</attrlabl><attalias Sync="TRUE">OBJECTID_1</attalias><attrtype Sync="TRUE">OID</attrtype><attwidth Sync="TRUE">4</attwidth><atprecis Sync="TRUE">0</atprecis><attscale Sync="TRUE">0</attscale><attrdef Sync="TRUE">Internal feature number.</attrdef><attrdefs Sync="TRUE">Esri</attrdefs><attrdomv><udom Sync="TRUE">Sequential unique whole numbers that are automatically generated.</udom></attrdomv></attr><attr><attrlabl Sync="TRUE">StreamLeve</attrlabl><attalias Sync="TRUE">StreamLeve</attalias><attrtype Sync="TRUE">Integer</attrtype><attwidth Sync="TRUE">4</attwidth><atprecis Sync="TRUE">0</atprecis><attscale Sync="TRUE">0</attscale></attr><attr><attrlabl Sync="TRUE">StreamOrde</attrlabl><attalias Sync="TRUE">StreamOrde</attalias><attrtype Sync="TRUE">Integer</attrtype><attwidth Sync="TRUE">4</attwidth><atprecis Sync="TRUE">0</atprecis><attscale Sync="TRUE">0</attscale></attr><attr><attrlabl Sync="TRUE">FromNode</attrlabl><attalias Sync="TRUE">FromNode</attalias><attrtype Sync="TRUE">Double</attrtype><attwidth Sync="TRUE">8</attwidth><atprecis Sync="TRUE">0</atprecis><attscale Sync="TRUE">0</attscale></attr><attr><attrlabl Sync="TRUE">ToNode</attrlabl><attalias Sync="TRUE">ToNode</attalias><attrtype Sync="TRUE">Double</attrtype><attwidth Sync="TRUE">8</attwidth><atprecis Sync="TRUE">0</atprecis><attscale Sync="TRUE">0</attscale></attr><attr><attrlabl Sync="TRUE">HydroSeq</attrlabl><attalias Sync="TRUE">HydroSeq</attalias><attrtype Sync="TRUE">Double</attrtype><attwidth Sync="TRUE">8</attwidth><atprecis Sync="TRUE">0</atprecis><attscale Sync="TRUE">0</attscale></attr><attr><attrlabl Sync="TRUE">LevelPathI</attrlabl><attalias Sync="TRUE">LevelPathI</attalias><attrtype Sync="TRUE">Double</attrtype><attwidth Sync="TRUE">8</attwidth><atprecis Sync="TRUE">0</atprecis><attscale Sync="TRUE">0</attscale></attr><attr><attrlabl Sync="TRUE">PathLength</attrlabl><attalias Sync="TRUE">PathLength</attalias><attrtype Sync="TRUE">Double</attrtype><attwidth Sync="TRUE">8</attwidth><atprecis Sync="TRUE">0</atprecis><attscale Sync="TRUE">0</attscale></attr><attr><attrlabl Sync="TRUE">TerminalPa</attrlabl><attalias Sync="TRUE">TerminalPa</attalias><attrtype Sync="TRUE">Double</attrtype><attwidth Sync="TRUE">8</attwidth><atprecis Sync="TRUE">0</atprecis><attscale Sync="TRUE">0</attscale></attr><attr><attrlabl Sync="TRUE">ArbolateSu</attrlabl><attalias Sync="TRUE">ArbolateSu</attalias><attrtype Sync="TRUE">Double</attrtype><attwidth Sync="TRUE">8</attwidth><atprecis Sync="TRUE">0</atprecis><attscale Sync="TRUE">0</attscale></attr><attr><attrlabl Sync="TRUE">Divergence</attrlabl><attalias Sync="TRUE">Divergence</attalias><attrtype Sync="TRUE">Integer</attrtype><attwidth Sync="TRUE">4</attwidth><atprecis Sync="TRUE">0</atprecis><attscale Sync="TRUE">0</attscale></attr><attr><attrlabl Sync="TRUE">StartFlag</attrlabl><attalias Sync="TRUE">StartFlag</attalias><attrtype Sync="TRUE">Integer</attrtype><attwidth Sync="TRUE">4</attwidth><atprecis Sync="TRUE">0</atprecis><attscale Sync="TRUE">0</attscale></attr><attr><attrlabl Sync="TRUE">TerminalFl</attrlabl><attalias Sync="TRUE">TerminalFl</attalias><attrtype Sync="TRUE">Integer</attrtype><attwidth Sync="TRUE">4</attwidth><atprecis Sync="TRUE">0</atprecis><attscale Sync="TRUE">0</attscale></attr><attr><attrlabl Sync="TRUE">DnLevel</attrlabl><attalias Sync="TRUE">DnLevel</attalias><attrtype Sync="TRUE">Integer</attrtype><attwidth Sync="TRUE">4</attwidth><atprecis Sync="TRUE">0</atprecis><attscale Sync="TRUE">0</attscale></attr><attr><attrlabl Sync="TRUE">ThinnerCod</attrlabl><attalias Sync="TRUE">ThinnerCod</attalias><attrtype Sync="TRUE">Integer</attrtype><attwidth Sync="TRUE">4</attwidth><atprecis Sync="TRUE">0</atprecis><attscale Sync="TRUE">0</attscale></attr><attr><attrlabl Sync="TRUE">UpLevelPat</attrlabl><attalias Sync="TRUE">UpLevelPat</attalias><attrtype Sync="TRUE">Double</attrtype><attwidth Sync="TRUE">8</attwidth><atprecis Sync="TRUE">0</atprecis><attscale Sync="TRUE">0</attscale></attr><attr><attrlabl Sync="TRUE">UpHydroSeq</attrlabl><attalias Sync="TRUE">UpHydroSeq</attalias><attrtype Sync="TRUE">Double</attrtype><attwidth Sync="TRUE">8</attwidth><atprecis Sync="TRUE">0</atprecis><attscale Sync="TRUE">0</attscale></attr><attr><attrlabl Sync="TRUE">UpMinHydro</attrlabl><attalias Sync="TRUE">UpMinHydro</attalias><attrtype Sync="TRUE">Double</attrtype><attwidth Sync="TRUE">8</attwidth><atprecis Sync="TRUE">0</atprecis><attscale Sync="TRUE">0</attscale></attr><attr><attrlabl Sync="TRUE">DnLevelPat</attrlabl><attalias Sync="TRUE">DnLevelPat</attalias><attrtype Sync="TRUE">Double</attrtype><attwidth Sync="TRUE">8</attwidth><atprecis Sync="TRUE">0</atprecis><attscale Sync="TRUE">0</attscale></attr><attr><attrlabl Sync="TRUE">DnMinHydro</attrlabl><attalias Sync="TRUE">DnMinHydro</attalias><attrtype Sync="TRUE">Double</attrtype><attwidth Sync="TRUE">8</attwidth><atprecis Sync="TRUE">0</atprecis><attscale Sync="TRUE">0</attscale></attr><attr><attrlabl Sync="TRUE">DnDrainCou</attrlabl><attalias Sync="TRUE">DnDrainCou</attalias><attrtype Sync="TRUE">Integer</attrtype><attwidth Sync="TRUE">4</attwidth><atprecis Sync="TRUE">0</atprecis><attscale Sync="TRUE">0</attscale></attr><attr><attrlabl Sync="TRUE">Shape_Length</attrlabl><attalias Sync="TRUE">Shape_Length</attalias><attrtype Sync="TRUE">Double</attrtype><attwidth Sync="TRUE">8</attwidth><atprecis Sync="TRUE">0</atprecis><attscale Sync="TRUE">0</attscale><attrdef Sync="TRUE">Length of feature in internal units.</attrdef><attrdefs Sync="TRUE">ESRI</attrdefs><attrdomv><udom Sync="TRUE">Positive real numbers that are automatically generated.</udom></attrdomv></attr></detailed></eainfo><mdDateSt Sync="TRUE">20140505</mdDateSt></metadata>
